MAE,MSE,RMSE,R2,model
2.168493380369916,29.102020042301724,5.394628814135568,0.9594149118777145,Random Forest
2.386477919352118,30.50086576666135,5.5227588908679826,0.9574641099433437,Gradient Boosting
3.1669881051905846,36.768469901308656,6.063701006918849,0.9487234360742957,Ridge Regression
3.166941404887804,36.76847631316929,6.063701535627334,0.9487234271324446,Linear Regression
3.169447567710517,36.78276980283172,6.0648800320230345,0.9487034937210634,Lasso Regression
